Reviewer,Submission 1,Submission 2,Submission 3,Submission 4,Submission 5,Submission 6
changxing.gong@gmail.com,0,0,0,0,0,0
cgo54@uclive.ac.nz,0,0,0,0,0,0
2@student.com,0,0,0,0,0,0
3@student.com,0,0,0,0,0,0
4@student.com,0,0,0,0,0,0
5@student.com,0,0,0,0,0,0
6@student.com,0,0,0,0,0,0
7@student.com,0,0,0,0,0,0
8@student.com,0,0,0,0,0,0
9@student.com,0,0,0,0,0,0
10@student.com,0,0,0,0,0,0
11@student.com,0,0,0,0,0,0
12@student.com,0,0,0,0,0,0
13@student.com,0,0,0,0,0,0
14@student.com,0,0,0,0,0,0
15@student.com,0,0,0,0,0,0
16@student.com,0,0,0,0,0,0
17@student.com,0,0,0,0,0,0
18@student.com,0,0,0,0,0,0
19@student.com,0,0,0,0,0,0
20@student.com,0,0,0,0,0,0
21@student.com,0,0,0,0,0,0
22@student.com,0,0,0,0,0,0
23@student.com,0,0,0,0,0,0
24@student.com,0,0,0,0,0,0
25@student.com,0,0,0,0,0,0
26@student.com,0,0,0,0,0,0
27@student.com,0,0,0,0,0,0
28@student.com,0,0,0,0,0,0
29@student.com,0,0,0,0,0,0
30@student.com,0,0,0,0,0,0
31@student.com,0,0,0,0,0,0
32@student.com,0,0,0,0,0,0
33@student.com,0,0,0,0,0,0
34@student.com,0,0,0,0,0,0
35@student.com,0,0,0,0,0,0
36@student.com,0,0,0,0,0,0
37@student.com,0,0,0,0,0,0
38@student.com,0,0,0,0,0,0
39@student.com,0,0,0,0,0,0
40@student.com,0,0,0,0,0,0
41@student.com,0,0,0,0,0,0
42@student.com,0,0,0,0,0,0
43@student.com,0,0,0,0,0,0
44@student.com,0,0,0,0,0,0
45@student.com,0,0,0,0,0,0
46@student.com,0,0,0,0,0,0
47@student.com,0,0,0,0,0,0
48@student.com,0,0,0,0,0,0
49@student.com,0,0,0,0,0,0
50@student.com,0,0,0,0,0,0
51@student.com,0,0,0,0,0,0
52@student.com,0,0,0,0,0,0
53@student.com,0,0,0,0,0,0
54@student.com,0,0,0,0,0,0
55@student.com,0,0,0,0,0,0
56@student.com,0,0,0,0,0,0
57@student.com,0,0,0,0,0,0
58@student.com,0,0,0,0,0,0
59@student.com,0,0,0,0,0,0
60@student.com,0,0,0,0,0,0
61@student.com,0,0,0,0,0,0
62@student.com,0,0,0,0,0,0
63@student.com,0,0,0,0,0,0
64@student.com,0,0,0,0,0,0
65@student.com,0,0,0,0,0,0
66@student.com,0,0,0,0,0,0
67@student.com,0,0,0,0,0,0
68@student.com,0,0,0,0,0,0
69@student.com,0,0,0,0,0,0
70@student.com,0,0,0,0,0,0
71@student.com,0,0,0,0,0,0
72@student.com,0,0,0,0,0,0
73@student.com,0,0,0,0,0,0
74@student.com,0,0,0,0,0,0
75@student.com,0,0,0,0,0,0
76@student.com,0,0,0,0,0,0
77@student.com,0,0,0,0,0,0
78@student.com,0,0,0,0,0,0
79@student.com,0,0,0,0,0,0
80@student.com,0,0,0,0,0,0
81@student.com,0,0,0,0,0,0
82@student.com,0,0,0,0,0,0
83@student.com,0,0,0,0,0,0
84@student.com,0,0,0,0,0,0
85@student.com,0,0,0,0,0,0
86@student.com,0,0,0,0,0,0
87@student.com,0,0,0,0,0,0
88@student.com,0,0,0,0,0,0
89@student.com,0,0,0,0,0,0
90@student.com,0,0,0,0,0,0
91@student.com,0,0,0,0,0,0
92@student.com,0,0,0,0,0,0
93@student.com,0,0,0,0,0,0
94@student.com,0,0,0,0,0,0
95@student.com,0,0,0,0,0,0
96@student.com,0,0,0,0,0,0
97@student.com,0,0,0,0,0,0
98@student.com,0,0,0,0,0,0
